"Name","Wallet","Tier","Category","Profit"
"0xc2e7800b5af46e6093872b177b7a5e7f0563be51","0xc2e7800b5af46e6093872b177b7a5e7f0563be51","whale","sports","+667K"
"beachboy4","0xc2e7800b5af46e6093872b177b7a5e7f0563be51","whale","sports","+$667K"
"0xb7511d7b0dcb75ffad0507cbac7223653d08915","0xb7511d7b0dcb75ffad0507cbac7223653d08915","whale","sports","+$390K"
"darkrider11","","whale","sports","+$341K"
"0x2c335066FE58fe9237c3d3Dc7b275C2a034a0563","0x2c335066FE58fe9237c3d3Dc7b275C2a034a0563","whale","sports","+$326K"
"Pimping","","whale","sports","+$306K"
"BK9496","","whale","sports","+$302K"
"primm","","whale","sports","+$272K"
"Comeback12345","","whale","sports","+$259K"
"piastri","","whale","sports","+$242K"
"luckboxx","","whale","sports","+$231K"
"kch123","0x6a72f61820b26b1fe4d956e17b6dc2a1ea3033ee","whale","sports","+$231K"
"0xabB89972B21B304C1bEd2Bf26F35c8741aC9bBA3","0xabB89972B21B304C1bEd2Bf26F35c8741aC9bBA3","whale","sports","+$204K"
"Lugh-do","","whale","sports","+$178K"
"RipVanWinkle","","whale","sports","+$138K"
"SeriouslySirius","0x16b29c50f2439faf627209b2ac0c7bbddaa8a881","whale","sports","+$131K"
"0xe74A4446EfD66A4de690962938F550D8921A40Ee","0xe74A4446EfD66A4de690962938F550D8921A40Ee","whale","sports","+$129K"
"jt7","","whale","sports","+$127K"
"SammySledge","","whale","sports","+$117K"
"Mayuravarma","","whale","sports","+$113K"
"0xF0bC46E69C9c68703FF0a2c0083E61d484E6Af98","0xF0bC46E69C9c68703FF0a2c0083E61d484E6Af98","whale","sports","+$111K"
"qwrasdz","","whale","sports","+$103K"
"sinncity","","whale","sports","+$103K"
"potko","","whale","sports","+$101K"
"gambas4","","shark","sports","+$95K"
"C.SIN","","shark","sports","+$93K"
"gmanas","0xe90bec87d9ef430f27f9dcfe72c34b76967d5da2","shark","sports","+$85K"
"0x006cc834Cc092684F1B56626E23BEdB3835c16ea","0x006cc834Cc092684F1B56626E23BEdB3835c16ea","shark","sports","+$81K"
"Sharpyyy","","shark","sports","+$79K"
"DrPufferfish","","shark","sports","+$78K"
"MrSparklySimpsons","","shark","sports","+$77K"
"Watch-Gel-Pods","","shark","crypto","+$76K"
"benwyatt","","shark","sports","+$75K"
"statwC00KS","0x57a8d63731277200ed26cfde9a8a830d94f36933","shark","sports","+$66K"
"elkmonkey","0xead152b855effa6b5b5837f53b24c0756830c76a","shark","sports","+$65K"
"yeamanletsmakebread","","shark","sports","+$64K"
"0x8cbb318B8863898f0907deE7113453EB75FaACB2","0x8cbb318B8863898f0907deE7113453EB75FaACB2","shark","sports","+$63K"
"Samojako","","shark","sports","+$63K"
"knedloveprovelo","0xd6a3f0ec6c4a8ad680d580610c82ca57ff139489","shark","sports","+$63K"
"ghostt4","","shark","sports","+$63K"
"6kkandrew1","","shark","sports","+$62K"
"kinderSman","","shark","crypto","+$60K"
"JamaicanBobsledTeam","","shark","sports","+$55K"
"SemyonMarmeladov","","shark","sports","+$54K"
"l-3-x","","shark","crypto","+$54K"
"Ktulhuu","","shark","crypto","+$53K"
"jirobas","","shark","crypto","+$52K"
"teenag3er","","shark","crypto","+$52K"
"j3s0s","","shark","crypto","+$52K"
"p3rs0n","","shark","crypto","+$51K"
"pokushay","","shark","crypto","+$51K"
"jesis","","shark","crypto","+$51K"
"treki-narepit","","shark","crypto","+$51K"
"sukaebanayaaa","","shark","crypto","+$51K"
"le3s","","shark","crypto","+$51K"
"Cortisfans","","shark","sports","+$51K"
"Stefanlecca","","shark","politics","+$51K"
"kekusmaxi","","shark","crypto","+$51K"
"mops-dadya-pes","","shark","crypto","+$51K"
"0x062740fdec4d624eb01Df83E3b23D468c37fDADA","0x062740fdec4d624eb01Df83E3b23D468c37fDADA","shark","crypto","+$51K"
"profita-net","","shark","crypto","+$51K"
"crossfire154","","shark","sports","+$50K"
"Y0HIMBE","","shark","crypto","+$50K"
"Ktulhu","","shark","crypto","+$50K"
"fromagi","","shark","crypto","+$50K"
"rezolution","","shark","crypto","+$50K"
"hersonm","","shark","crypto","+$50K"
"0x8929a0cE1c13aE9C9643F94A3F7E67580Fad0196","0x8929a0cE1c13aE9C9643F94A3F7E67580Fad0196","shark","crypto","+$50K"
"mikinik","","shark","crypto","+$50K"
"sleepy-panda","0xa49becb692927d455924583b5e3e5788246f4c40","shark","sports","+$50K"
"suleym4n","","dolphin","crypto","+$50K"
"kiraaaz","","dolphin","crypto","+$50K"
"huy-s-gori","","dolphin","crypto","+$50K"
"1namillion","","dolphin","crypto","+$48K"
"gamblingdebt","0xc8b438e4a1c10643ea0ea3e59bcaadc73174f05d","dolphin","sports","+$47K"
"ckw","","dolphin","sports","+$45K"
"Macks22","","dolphin","sports","+$45K"
"ZerOptimist","","dolphin","sports","+$44K"
"ChangoChango","","dolphin","sports","+$44K"
"sovereign2013","0xee613b3fc183ee44f9da9c05f53e2da107e3debf","dolphin","sports","+$43K"
"TeamGG","","dolphin","sports","+$42K"
"ChinesePro","","dolphin","sports","+$42K"
"swisstony","0x204f72f35326db932158cba6adff0b9a1da95e14","dolphin","sports","+$41K"
"3daysgrays","","dolphin","crypto","+$41K"
"richfeynman","0x481b018cfd404a20e61eeb6805afbc413c1a74c1","dolphin","sports","+$40K"
"yicici","","dolphin","tech","+$40K"
"0xe287a1E8925e46CaFD2392EF044cC789083bfB29","0xe287a1E8925e46CaFD2392EF044cC789083bfB29","dolphin","crypto","+$39K"
"moje999","0x18d12d50db693ea3258edaa721c8ffa6eb7bdbcb","dolphin","sports","+$39K"
"LudoPriclychenie","","dolphin","sports","+$39K"
"0x057","0x057","dolphin","sports","+$36K"
"0x3a613cdb8f00f7afe0196cbbb91bdb597383b560","0x3a613cdb8f00f7afe0196cbbb91bdb597383b560","dolphin","sports","+$36K"
"cccccccccccccccccccccccccccc","","dolphin","sports","+$36K"
"getbipped","","dolphin","crypto","+$36K"
"0x8bc3adbbfafbeaf13aeeb0ca8847c8e9","0x8bc3adbbfafbeaf13aeeb0ca8847c8e9","dolphin","crypto","+$34K"
"KasraDashSEO","","dolphin","tech","+$34K"
"phonesculptor","","dolphin","sports","+$33K"
"S-Works","","dolphin","sports","+$33K"
"Marshmallows","","dolphin","sports","+$32K"
"SwissMiss","","dolphin","sports","+$32K"
"mmmmmmh","","dolphin","sports","+$32K"
"pwnatorul","","dolphin","politics","+$32K"
"fruggers","","dolphin","sports","+$29K"
"aaaaaaaaah","","dolphin","sports","+$29K"
"jimmy623","","dolphin","sports","+$29K"
"lava-lava","","dolphin","politics","+$28K"
"Bacc","","dolphin","sports","+$28K"
"BTCGambler247","","dolphin","sports","+$28K"
"papuas","","dolphin","sports","+$28K"
"QGdrZbqx","","dolphin","crypto","+$27K"
"tunatyler","","dolphin","culture","+$27K"
"gopatriots","0xe20a1538293903b746ffe6c4ce2d5c3c0300e469","dolphin","sports","+$26K"
"nevercomingback1","","dolphin","sports","+$26K"
"albertbert","","dolphin","tech","+$26K"
"comon119","","dolphin","sports","+$26K"
"123abc","","dolphin","sports","+$25K"
"0x24357454d8d1a0cc93a6c25fd490467372bc2454","0x24357454d8d1a0cc93a6c25fd490467372bc2454","dolphin","sports","+$25K"
"Stupidity","","dolphin","sports","+$25K"
"Anointed-Connect","","dolphin","sports","+$25K"
"DimasXT","","dolphin","sports","+$25K"
"Sportbetting76","","dolphin","sports","+$24K"
"coinman2","","dolphin","crypto","+$24K"
"EscalateFund","","dolphin","culture","+$24K"
"Itafundo","","dolphin","crypto","+$24K"
"0xe62d0223966f7cee8cc77065150a2db417bcc34","0xe62d0223966f7cee8cc77065150a2db417bcc34","dolphin","crypto","+$24K"
"Drizzl3r","","dolphin","sports","+$23K"
"summitshootout","","dolphin","sports","+$22K"
"4-seas","","dolphin","sports","+$22K"
"EomJunsik","","dolphin","sports","+$22K"
"Flipadelphia","","dolphin","sports","+$22K"
"reeeeeeeeeeee","","dolphin","sports","+$22K"
"yiqifacaiya","","dolphin","sports","+$22K"
"AlexanderTheBait","","dolphin","sports","+$21K"
"vig0ss","","dolphin","sports","+$21K"
"LadyLuck2","","dolphin","sports","+$21K"
"justwins","","dolphin","sports","+$21K"
"0x96E17Ba97E081732a552F410eb35eE972Cad50aa","0x96E17Ba97E081732a552F410eb35eE972Cad50aa","dolphin","sports","+$21K"
"SMCAOMCRL","0x3b5c629f114098b0dee345fb78b7a3a013c7126e","dolphin","sports","+$21K"
"EIf","0xd6966eb1ae7b52320ba7ab1016680198c9e08a49","dolphin","sports","+$21K"
"EF203F2IPFC2ICP20W-CP3","0x4133bcbad1d9c41de776646696f41c34d0a65e70","dolphin","sports","+$21K"
"dfsgretfewqrfew","0xfefb4ab20c207f11278c222e5276546727f74b5d","dolphin","sports","+$21K"
"4m8","","dolphin","crypto","+$20K"
"minionguy","","dolphin","sports","+$20K"
"JcB9Isoyt","","dolphin","crypto","+$20K"
"Bienville","","dolphin","sports","+$20K"
"Maipxbz","","dolphin","crypto","+$19K"
"flaggin","","dolphin","sports","+$19K"
"Beepob","","dolphin","sports","+$19K"
"0x6f2628a8ac6e3f7bd857657d5316c33822ced13","0x6f2628a8ac6e3f7bd857657d5316c33822ced13","dolphin","crypto","+$19K"
"FBIG","","dolphin","sports","+$19K"
"Tirdenchi","","dolphin","sports","+$19K"
"Crackerjoe","","dolphin","sports","+$19K"
"FLHUtR9iI","","dolphin","crypto","+$19K"
"PurpleThunderBicycleMountain","0x589222a5124a96765443b97a3498d89ffd824ad2","dolphin","crypto","+$19K"
"dagadfgeaf","","dolphin","economics","+$18K"
"0xb2A922","0xb2A922","dolphin","crypto","+$18K"
"easypredict","","dolphin","crypto","+$18K"
"0xB0C9E2355F4E2F6BFC86E9712EdE129e07ac53dE","0xB0C9E2355F4E2F6BFC86E9712EdE129e07ac53dE","dolphin","crypto","+$18K"
"amused85","0x8fe70c889ce14f67acea5d597e3d0351d73b4f20","dolphin","crypto","+$18K"
"Latina","","dolphin","sports","+$18K"
"GamblingIsAllYouNeed","","dolphin","sports","+$17K"
"0x9C6A6E0b25b08B19c36C7fC878B3c216a359B584","0x9C6A6E0b25b08B19c36C7fC878B3c216a359B584","dolphin","crypto","+$17K"
"0x29f99b23d58F02301b661D3bAc302B5B7487E310","0x29f99b23d58F02301b661D3bAc302B5B7487E310","dolphin","sports","+$17K"
"OuchMyBalls","","dolphin","politics","+$17K"
"Haskronn","","dolphin","culture","+$17K"
"expectless","","dolphin","crypto","+$17K"
"BlindOrangutan","","dolphin","sports","+$17K"
"FireKevinPatullo","","dolphin","sports","+$17K"
"KPSingh","","dolphin","sports","+$16K"
"chatCCP","","dolphin","sports","+$16K"
"fishuu","","dolphin","sports","+$16K"
"0xead02f1568144be782d762e2b6a719302830f3ba","0xead02f1568144be782d762e2b6a719302830f3ba","dolphin","sports","+$16K"
"0x9de7BEFB12b46F6F72249E2479809c8cE8FE70d6","0x9de7BEFB12b46F6F72249E2479809c8cE8FE70d6","dolphin","crypto","+$16K"
"DollarScholar","0x4c814578c17f53118b312165873059a463a0fce3","dolphin","sports","+$15K"
"0x13A0b8FF7bae4E8ED881Bd2a63ec94f97E5828a5","0x13A0b8FF7bae4E8ED881Bd2a63ec94f97E5828a5","dolphin","crypto","+$15K"
"RN1","0x2005d16a84ceefa912d4e380cd32e7ff827875ea","dolphin","sports","+$15K"
"0xdE22e428B62769BF73BAfabf2D0fd8cDbE92555E","0xdE22e428B62769BF73BAfabf2D0fd8cDbE92555E","dolphin","crypto","+$15K"
"0x9615A81A49Fa2F1F234aE138EAC87e3828a260dd","0x9615A81A49Fa2F1F234aE138EAC87e3828a260dd","dolphin","sports","+$15K"
"strawberrycliff","","dolphin","tech","+$15K"
"Ggobook","","dolphin","sports","+$15K"
"kingofcoinflips","0xe9c6312464b52aa3eff13d822b003282075995c9","dolphin","crypto","+$15K"
"Hexagone","","dolphin","culture","+$14K"
"Biyinggogogo","","dolphin","sports","+$14K"
"0x23dAbaF01BDDA09778Ec4DFf543853fc28FD41D9","0x23dAbaF01BDDA09778Ec4DFf543853fc28FD41D9","dolphin","crypto","+$14K"
"gmpm","","dolphin","sports","+$14K"
"aibaby","","dolphin","sports","+$14K"
"absol","","dolphin","crypto","+$14K"
"btxj","","dolphin","crypto","+$14K"
"Kluivert9","","dolphin","sports","+$14K"
"0xC94A2031b8b4Cc4cF77eac0FD0e0B982b7b29401","0xC94A2031b8b4Cc4cF77eac0FD0e0B982b7b29401","dolphin","sports","+$13K"
"ok-computer","","dolphin","tech","+$13K"
"Cavs2","","dolphin","sports","+$13K"
"WHAEL","","dolphin","sports","+$13K"
"ShucksIt69","","dolphin","sports","+$13K"
"Dingwin","","dolphin","sports","+$13K"
"ExpressoMartini","0x080a53ccb5caf5949d2e67074e8629fe1f249da4","dolphin","crypto","+$13K"
"degenwu","","dolphin","sports","+$13K"
"newjabes0101","","dolphin","sports","+$13K"
"AgriasOaks","","dolphin","sports","+$13K"
"cjashdaWEnjda","","dolphin","sports","+$13K"
"NotGoodToday","","dolphin","sports","+$12K"
